date,key,cohort,direction,structured,gate_cheap,entry_close,feed
2026-09-20,963023eeb411,universe,bullish,1,1,19.8400,opra
2026-09-20,11816f8d6775,universe,bearish,1,1,30.1900,opra
2026-09-20,eaacc35b7d15,universe,bullish,1,0,94.3200,opra
2026-09-20,b6ac28785ec3,universe,bearish,1,1,14.3400,opra
2026-09-20,0a84846404f7,universe,bullish,1,1,91.6200,opra
2026-09-20,0c93a891751d,universe,bullish,1,1,19.7600,opra
2026-09-20,5786e7eb8e8d,universe,bearish,1,1,254.7100,opra
2026-09-20,38c02d072284,universe,bullish,1,1,34.1700,opra
2026-09-20,5c43aee71751,universe,bullish,1,1,424.7700,opra
2026-09-20,34ca0346e8b4,universe,bullish,1,1,71.5400,opra
2026-09-20,522564f8f909,universe,bearish,1,1,22.6900,opra
2026-09-20,a1bae025e44c,universe,bullish,1,1,7.3200,opra
2026-09-20,ff11e1af78c4,universe,bearish,1,1,20.9700,opra
2026-09-20,a4051f60936f,universe,bullish,1,1,51.4200,opra
2026-09-20,b3362c1e8816,universe,bullish,1,1,940.3300,opra
2026-09-20,e9535b4c58a8,universe,bullish,1,1,26.9000,opra
2026-09-20,f53e2aa74b19,universe,bullish,1,1,18.9200,opra
2026-09-20,ca136bff911f,universe,bullish,1,1,46.7700,opra
2026-09-20,201a5c83442e,universe,bearish,1,1,98.8100,opra
2026-09-20,cc6f27fbb34a,universe,bearish,1,1,13.8000,opra
2026-09-20,2e777bdd8716,universe,bearish,1,1,47.4600,opra
2026-09-20,0e0cf5e002b3,universe,bearish,1,1,247.2900,opra
2026-09-20,ab4f939e5d8f,universe,bullish,1,1,533.3800,opra
2026-09-20,d20653dbd92c,universe,bullish,1,1,13.9200,opra
2026-09-20,5bde29efdc58,universe,bearish,1,1,24.4800,opra
2026-09-20,b3246298f613,universe,bullish,1,1,146.8700,opra
2026-09-20,be53a9e3d80a,universe,bullish,1,1,80.4700,opra
2026-09-20,34c943ac2bfa,universe,bearish,1,1,15.7300,opra
2026-09-20,6c74536ab913,universe,bullish,1,1,527.3900,opra
2026-09-20,6030e4565dea,universe,bullish,1,1,222.2700,opra
2026-09-20,8b939a7a0ae7,universe,bullish,1,1,9.3500,opra
2026-09-20,b326f66d3962,universe,bullish,1,1,49.9900,opra
2026-09-20,d484d8a0ecc1,universe,bullish,1,1,16.4200,opra
2026-09-20,07f74dbbbe7f,universe,bullish,1,1,636.7100,opra
2026-09-20,0e439fbac5ce,universe,bullish,1,1,10.7400,opra
2026-09-20,917064d9f8be,universe,bullish,1,1,64.5700,opra
2026-09-20,018bdb761149,universe,bullish,1,1,194.0000,opra
2026-09-20,5f35b2d30004,universe,bearish,1,1,39.0900,opra
2026-09-20,371e94ee102d,universe,bearish,1,1,8.2700,opra
2026-09-20,8bd8f5a822c1,universe,bullish,1,0,8.6400,opra
2026-09-20,66877f201168,universe,bearish,1,1,23.7200,opra
2026-09-20,9b2c0a7be8b7,universe,bearish,1,1,9.8100,opra
2026-09-20,17f5bc2085a8,universe,bullish,0,,4.5600,opra
2026-09-20,5415d0038160,universe,bullish,1,1,11.7000,opra
2026-09-20,737649b6aa89,universe,bullish,1,1,35.3600,opra
2026-09-20,506665ec8bb7,universe,bullish,1,1,249.3900,opra
2026-09-20,f1348f0d8dae,market,bullish,1,1,41.5700,opra
2026-09-20,146af7968943,market,bullish,1,1,12.6800,opra
2026-09-20,d4d85b495f0b,market,bullish,1,1,146.6100,opra
2026-09-20,ff164736ce09,market,bullish,1,1,97.5300,opra
2026-09-20,dbcbe571d9a7,market,bullish,0,,16.0000,opra
2026-09-20,58c0450f708c,market,bullish,1,1,127.7800,opra
2026-09-20,891d3ceb98f0,market,bullish,1,1,223.6000,opra
2026-09-20,0633543c1a4f,market,bullish,1,1,76.7600,opra
2026-09-20,053d0c01f816,market,bearish,1,0,13.0700,opra
2026-09-20,9d13e5a4d7a0,market,bearish,1,0,42.5300,opra
2026-09-20,b18aa1ba5a9c,market,bearish,1,1,54.8800,opra
2026-09-20,fcc011666a7b,market,bullish,1,1,35.0400,opra
2026-09-20,d08b485fc1d0,market,bearish,1,1,53.9500,opra
2026-09-20,a4324a6a8a41,market,bullish,1,1,133.0600,opra
2026-09-20,5cc49b96ea65,market,bullish,1,0,9.4500,opra
2026-09-20,30ec04e3bd40,market,bearish,0,,3.3300,opra
2026-09-20,f321bdb1574c,market,bullish,1,1,244.2500,opra
2026-09-20,d253608b4449,market,bullish,1,0,39.8900,opra
2026-09-20,60d67d8cd65e,market,bearish,1,1,2.9900,opra
2026-09-20,dd46aff06bd1,market,bullish,1,1,34.8600,opra
2026-09-20,24e799177e6c,market,bullish,1,1,35.0000,opra
2026-09-20,5ebace467c4f,market,bullish,1,1,133.1900,opra
2026-09-20,45278f667e67,market,bullish,1,1,118.9700,opra
2026-09-20,2fac6ede994b,market,bullish,1,0,94.5400,opra
2026-09-20,c6eba990b595,market,bullish,1,0,33.8000,opra
2026-09-20,e3e7e84077f6,market,bullish,1,0,81.4000,opra
2026-09-20,82b1394ab45b,market,bearish,1,1,10.1700,opra
2026-09-20,e3fc5decb619,market,bullish,1,1,18.3200,opra
2026-09-20,7f0d3b9d3c55,market,bullish,1,1,6.4000,opra
2026-09-20,f77955bd7790,market,bearish,1,1,64.1300,opra
2026-09-20,c3beea3bfdbe,market,bearish,1,1,25.0000,opra
2026-09-20,45059fc79164,market,bullish,0,,4.8000,opra
2026-09-20,72a39ec02912,market,bullish,1,1,55.1400,opra
2026-09-20,ab248fe34288,market,bullish,0,,7.1300,opra
2026-09-20,fb5eb71330e3,market,bullish,1,1,26.4300,opra
2026-09-20,8275d28f7bac,market,bullish,1,1,234.2500,opra
2026-09-20,370d3504748f,market,bullish,1,1,249.8300,opra
2026-09-20,407d8835e20c,market,bearish,1,1,356.8500,opra
2026-09-20,8c3d1ecd6852,market,bearish,0,,11.9500,opra
2026-09-20,ec71c9ebed5f,market,bearish,1,1,5.9200,opra
2026-09-20,113f277a1de8,market,bearish,1,1,9.3500,opra
2026-09-20,864ee5a8dcd5,market,bullish,1,1,311.5600,opra
2026-09-20,1a1238356ed1,market,bullish,1,1,110.2900,opra
2026-09-20,9f777cf7a137,market,bullish,1,1,29.8400,opra
2026-09-20,173745e2104d,market,bullish,1,1,508.3400,opra
2026-09-20,136792b5c933,market,bullish,1,0,17.9300,opra
2026-09-20,651e3fe0c645,market,bearish,1,1,47.8100,opra
2026-09-20,6b28a248b733,market,bearish,0,,4.6700,opra
2026-09-20,e47f3c9052f4,market,bullish,1,1,17.0100,opra
2026-09-20,17fa8d81fa32,market,bullish,1,1,332.6300,opra
2026-09-20,0e5405948a79,market,bullish,1,0,16.9500,opra
2026-09-20,7b250ce081b8,market,bullish,1,1,69.9800,opra
2026-09-20,58815564073a,market,bearish,0,,5.9800,opra
2026-09-20,ec7d81f8285f,market,bullish,1,1,50.0000,opra
2026-09-20,b8128ce2960b,market,bullish,1,1,33.6400,opra
2026-09-20,0accd2adbd74,market,bullish,0,,35.1800,opra
2026-09-20,27a4ee166b1a,market,bullish,1,0,19.2000,opra
2026-09-20,cc9f5aea5e85,market,bullish,1,0,29.0200,opra
2026-09-20,46ee9dec1ac5,market,bullish,0,,8.0100,opra
2026-09-20,af9a7339dde9,market,bullish,1,1,72.2700,opra
2026-09-20,31cd4ceebfa4,market,bearish,1,0,28.8700,opra
2026-09-20,ec5bd6bf6427,market,bearish,1,1,17.4000,opra
2026-09-20,df01064a3787,market,bearish,1,0,12.1400,opra
2026-09-20,324de200af4e,market,bearish,1,1,112.0100,opra
2026-09-20,6d76e8425380,market,bearish,1,1,10.6200,opra
2026-09-20,8b3f2eec90d0,market,bullish,1,1,132.6700,opra
2026-09-20,8bf0c61321a4,market,bullish,1,0,42.4800,opra
2026-09-20,24485cd7c02c,market,bearish,0,,35.3600,opra
2026-09-20,add38031bf73,market,bullish,1,1,19.4000,opra
2026-09-20,cd48697eef66,market,bearish,1,1,12.2800,opra
2026-09-20,0c03aa478086,market,bullish,1,1,283.4900,opra
2026-09-20,3e3e8aa91adb,market,bullish,1,1,112.2800,opra
2026-09-20,700f90cce7c3,market,bullish,1,1,100.9200,opra
2026-09-20,d8b94d12e873,market,bearish,1,1,37.5100,opra
2026-09-20,dfefd87cb7c5,market,bullish,1,1,282.2300,opra
2026-09-20,e2cb9283d579,market,bearish,1,1,61.9900,opra
2026-09-20,2dcd17919dff,market,bearish,1,0,299.9800,opra
2026-09-20,ba0ee5164c69,market,bearish,0,,3.4200,opra
2026-09-20,a7e03226046d,market,bearish,0,,8.0900,opra
2026-09-20,099a555f120b,market,bullish,0,,21.8700,opra
2026-09-20,8bb72d5e1115,market,bullish,1,1,50.1800,opra
2026-09-20,5dea37a1f59e,market,bearish,0,,12.3900,opra
2026-09-20,5dd3963e89df,market,bearish,1,1,13.2000,opra
2026-09-20,45d21ea593b3,market,bullish,0,,5.3700,opra
2026-09-20,c677893df12d,market,bullish,1,0,13.0350,opra
2026-09-20,a3699c914053,market,bearish,1,1,96.4400,opra
2026-09-20,aa3a98cfdc68,market,bearish,1,1,9.3100,opra
2026-09-20,8c33ed996ab5,market,bearish,0,,5.6800,opra
2026-09-20,52c7293f7a14,market,bearish,1,1,55.9400,opra
2026-09-20,5d4696f77fc9,market,bearish,1,0,17.5200,opra
2026-09-20,17477681b423,market,bearish,1,0,37.8700,opra
2026-09-20,5a93b9d59caf,market,bullish,1,0,12.1800,opra
2026-09-20,161789658e6c,market,bullish,1,1,327.1200,opra
2026-09-20,bec34a6b65c2,market,bullish,1,0,62.2500,opra
2026-09-20,f8936f50bcd9,market,bullish,0,,30.1800,opra
2026-09-20,fe5abdcb0a01,market,bullish,1,1,72.9700,opra
2026-09-20,8ef7292fc9a9,market,bearish,0,,24.6900,opra
2026-09-20,24b265e17575,market,bullish,1,0,147.6100,opra
2026-09-20,5459ea9a7b3c,market,bullish,1,0,10.0500,opra
2026-09-20,2ad39246139f,market,bearish,1,0,6.5200,opra
2026-09-20,97b0565d707a,market,bullish,1,1,122.4100,opra
2026-09-20,9ac7c915f635,market,bullish,1,1,96.8100,opra
2026-09-20,de4e1278dfb2,market,bearish,1,1,303.1900,opra
2026-09-20,85d4027cbcf7,market,bearish,1,1,511.6500,opra
2026-09-20,099c2e3bb0d1,market,bullish,0,,18.5900,opra
2026-09-20,cf2b48bd5818,market,bearish,1,1,55.9200,opra
2026-09-20,de8fd1d50135,market,bullish,0,,37.1600,opra
2026-09-20,871d156f0cfd,market,bullish,1,0,37.3500,opra
2026-09-20,6d5b5fe46a21,market,bullish,1,0,49.9800,opra
2026-09-20,6dcebeb2b497,market,bullish,1,1,93.4200,opra
2026-09-20,b96ccbf49b40,market,bullish,1,1,58.8400,opra
2026-09-20,cd8b3c98f983,market,bearish,0,,19.3800,opra
2026-09-20,a95d9dfa6eeb,market,bullish,1,0,117.7500,opra
2026-09-20,ef5f8ba4519f,market,bullish,1,1,181.7700,opra
2026-09-20,2f7b66a55dd8,market,bearish,0,,3.8400,opra
2026-09-20,dfeab6788461,market,bearish,1,0,10.1800,opra
2026-09-20,480773659529,market,bearish,1,1,58.1200,opra
2026-09-20,078ad66051f8,market,bullish,1,0,45.3300,opra
2026-09-20,fd879623173e,market,bullish,1,1,49.4100,opra
2026-09-20,05e4f2553b75,market,bearish,1,1,30.5600,opra
2026-09-20,3c5ac1cc0f37,market,bearish,1,0,15.5700,opra
2026-09-20,03fd91536925,market,bullish,1,1,35.4800,opra
2026-09-20,fca7b32ddeb4,market,bullish,1,0,21.9000,opra
2026-09-20,20128737577f,market,bearish,1,0,36.3200,opra
2026-09-20,f52b90df72c0,market,bullish,1,1,35.7200,opra
2026-09-20,887969596de8,market,bearish,1,0,19.8200,opra
2026-09-20,388a17bde076,market,bullish,0,,7.5300,opra
2026-09-20,07e4874e6e98,market,bullish,1,1,174.8300,opra
2026-09-20,d9de68e2c056,market,bullish,0,,39.3900,opra
2026-09-20,7a28476cf4ae,market,bullish,1,1,28.8000,opra
2026-09-20,4b618db36cf7,market,bullish,1,1,24.8700,opra
2026-09-20,d1b8c0c5576b,market,bullish,1,0,17.2000,opra
2026-09-20,7bce2c32c984,market,bearish,1,0,163.4200,opra
2026-09-20,ed7b375555e3,market,bullish,1,1,279.3700,opra
2026-09-20,3a9d96ee83b6,market,bullish,1,1,16.5600,opra
2026-09-20,77cbef00c798,market,bearish,1,1,122.9200,opra
2026-09-20,c1b396c97ad3,market,bearish,1,1,8.4600,opra
2026-09-20,31b69cfb5848,market,bullish,0,,7.5800,opra
2026-09-20,715545edd3f9,market,bullish,1,1,39.9500,opra
2026-09-20,ad3c99c162a5,market,bearish,1,1,36.7400,opra
2026-09-20,e9153007c2f5,market,bullish,1,1,9.5500,opra
2026-09-20,8991120b2cd2,market,bearish,1,1,10.0900,opra
2026-09-20,d05585fc34b4,market,bearish,1,1,20.1300,opra
2026-09-20,61576c34e94b,market,bearish,1,1,10.3200,opra
2026-09-20,d27e00e3a034,market,bearish,1,1,8.2500,opra
2026-09-20,4004298d4a76,market,bullish,1,1,9.0500,opra
2026-09-20,a6675a8157b6,market,bearish,1,1,7.7600,opra
2026-09-20,21f98ac16212,market,bullish,1,1,235.2600,opra
2026-09-20,136a99dfda81,market,bullish,0,,4.2500,opra
2026-09-20,21c1f571b4eb,market,bearish,1,1,153.9200,opra
2026-09-27,963023eeb411,universe,bullish,1,1,19.0100,opra
2026-09-27,11816f8d6775,universe,bearish,1,1,30.0100,opra
2026-09-27,eaacc35b7d15,universe,bullish,1,0,94.5700,opra
2026-09-27,b6ac28785ec3,universe,bearish,1,1,14.4600,opra
2026-09-27,0a84846404f7,universe,bullish,1,1,88.0700,opra
2026-09-27,0c93a891751d,universe,bullish,1,1,19.2200,opra
2026-09-27,5786e7eb8e8d,universe,bearish,1,1,263.2700,opra
2026-09-27,38c02d072284,universe,bullish,1,1,37.8700,opra
2026-09-27,5c43aee71751,universe,bullish,1,1,439.9800,opra
2026-09-27,34ca0346e8b4,universe,bullish,1,1,72.3100,opra
2026-09-27,522564f8f909,universe,bearish,1,1,20.8500,opra
2026-09-27,a1bae025e44c,universe,bearish,1,1,7.8500,opra
2026-09-27,ff11e1af78c4,universe,bearish,1,1,24.3600,opra
2026-09-27,a4051f60936f,universe,bullish,1,0,47.7300,opra
2026-09-27,b3362c1e8816,universe,bullish,1,1,957.6300,opra
2026-09-27,e9535b4c58a8,universe,bullish,1,1,26.6300,opra
2026-09-27,f53e2aa74b19,universe,bullish,0,,18.1900,opra
2026-09-27,ca136bff911f,universe,bullish,1,1,48.7500,opra
2026-09-27,201a5c83442e,universe,bearish,1,1,96.6700,opra
2026-09-27,cc6f27fbb34a,universe,bearish,0,,12.8000,opra
2026-09-27,2e777bdd8716,universe,bearish,1,1,45.6200,opra
2026-09-27,0e0cf5e002b3,universe,bearish,1,1,237.6900,opra
2026-09-27,ab4f939e5d8f,universe,bullish,1,1,519.5600,opra
2026-09-27,d20653dbd92c,universe,bullish,0,,15.6100,opra
2026-09-27,5bde29efdc58,universe,bearish,1,1,23.0100,opra
2026-09-27,b3246298f613,universe,bullish,1,1,148.7800,opra
2026-09-27,be53a9e3d80a,universe,bullish,1,1,76.0800,opra
2026-09-27,34c943ac2bfa,universe,bearish,1,1,16.9900,opra
2026-09-27,6c74536ab913,universe,bearish,1,1,510.5200,opra
2026-09-27,6030e4565dea,universe,bullish,1,1,225.0700,opra
2026-09-27,8b939a7a0ae7,universe,bullish,1,1,9.1900,opra
2026-09-27,b326f66d3962,universe,bullish,1,1,48.0400,opra
2026-09-27,d484d8a0ecc1,universe,bullish,1,1,17.4300,opra
2026-09-27,07f74dbbbe7f,universe,bullish,1,1,649.1300,opra
2026-09-27,0e439fbac5ce,universe,bullish,1,1,11.6200,opra
2026-09-27,917064d9f8be,universe,bullish,1,1,73.9500,opra
2026-09-27,018bdb761149,universe,bullish,1,1,189.4000,opra
2026-09-27,5f35b2d30004,universe,bearish,1,1,43.2600,opra
2026-09-27,371e94ee102d,universe,bearish,1,1,8.4200,opra
2026-09-27,ec71c9ebed5f,universe,bearish,1,1,5.4400,opra
2026-09-27,8bd8f5a822c1,universe,bullish,1,1,8.6100,opra
2026-09-27,66877f201168,universe,bullish,0,,23.4900,opra
2026-09-27,9b2c0a7be8b7,universe,bearish,1,1,9.4100,opra
2026-09-27,17f5bc2085a8,universe,bullish,0,,4.1400,opra
2026-09-27,5415d0038160,universe,bearish,1,1,11.3500,opra
2026-09-27,737649b6aa89,universe,bullish,1,1,40.6800,opra
2026-09-27,506665ec8bb7,universe,bullish,1,1,253.2800,opra
2026-09-27,f1348f0d8dae,market,bullish,0,,41.0600,opra
2026-09-27,146af7968943,market,bullish,1,1,11.9700,opra
2026-09-27,d4d85b495f0b,market,bullish,1,1,132.7500,opra
2026-09-27,ff164736ce09,market,bullish,0,,95.6700,opra
2026-09-27,dbcbe571d9a7,market,bullish,0,,16.0300,opra
2026-09-27,58c0450f708c,market,bullish,1,1,124.3400,opra
2026-09-27,891d3ceb98f0,market,bullish,1,1,230.4700,opra
2026-09-27,0633543c1a4f,market,bearish,1,1,89.1000,opra
2026-09-27,053d0c01f816,market,bearish,0,,13.0000,opra
2026-09-27,9d13e5a4d7a0,market,bearish,1,0,42.2700,opra
2026-09-27,b18aa1ba5a9c,market,bearish,1,1,55.5500,opra
2026-09-27,fcc011666a7b,market,bullish,0,,30.1700,opra
2026-09-27,d08b485fc1d0,market,bearish,1,1,53.8400,opra
2026-09-27,a4324a6a8a41,market,bullish,1,1,137.3400,opra
2026-09-27,5cc49b96ea65,market,bullish,1,0,8.9100,opra
2026-09-27,30ec04e3bd40,market,bearish,0,,3.2550,opra
2026-09-27,f321bdb1574c,market,bullish,1,1,261.9350,opra
2026-09-27,d253608b4449,market,bullish,1,0,39.7400,opra
2026-09-27,60d67d8cd65e,market,bearish,1,1,2.8700,opra
2026-09-27,dd46aff06bd1,market,bullish,1,1,35.0000,opra
2026-09-27,24e799177e6c,market,bullish,1,1,35.9300,opra
2026-09-27,5ebace467c4f,market,bullish,1,1,132.6100,opra
2026-09-27,45278f667e67,market,bullish,1,1,113.6300,opra
2026-09-27,2fac6ede994b,market,bearish,1,0,94.6100,opra
2026-09-27,c6eba990b595,market,bullish,0,,32.4700,opra
2026-09-27,e3e7e84077f6,market,bullish,1,0,76.3200,opra
2026-09-27,82b1394ab45b,market,bearish,1,0,9.5400,opra
2026-09-27,e3fc5decb619,market,bullish,1,0,17.9400,opra
2026-09-27,7f0d3b9d3c55,market,bullish,1,1,5.7100,opra
2026-09-27,f77955bd7790,market,bearish,1,1,66.6300,opra
2026-09-27,c3beea3bfdbe,market,bearish,1,1,23.8100,opra
2026-09-27,45059fc79164,market,bullish,1,1,4.3700,opra
2026-09-27,72a39ec02912,market,bullish,1,1,57.9500,opra
2026-09-27,ab248fe34288,market,bullish,0,,6.8100,opra
2026-09-27,fb5eb71330e3,market,bearish,1,1,27.1500,opra
2026-09-27,8275d28f7bac,market,bullish,1,1,225.4600,opra
2026-09-27,370d3504748f,market,bullish,1,1,227.6000,opra
2026-09-27,407d8835e20c,market,bearish,1,1,330.4900,opra
2026-09-27,8c3d1ecd6852,market,bearish,0,,11.6000,opra
2026-09-27,ec71c9ebed5f,market,bearish,1,1,5.4400,opra
2026-09-27,113f277a1de8,market,bearish,1,1,9.6300,opra
2026-09-27,864ee5a8dcd5,market,bearish,1,1,308.8900,opra
2026-09-27,1a1238356ed1,market,bullish,1,1,116.1000,opra
2026-09-27,9f777cf7a137,market,bearish,1,1,29.8800,opra
2026-09-27,173745e2104d,market,bullish,1,0,526.1900,opra
2026-09-27,136792b5c933,market,bullish,1,0,17.6400,opra
2026-09-27,651e3fe0c645,market,bearish,1,1,48.9200,opra
2026-09-27,6b28a248b733,market,bearish,0,,4.6300,opra
2026-09-27,e47f3c9052f4,market,bullish,1,1,15.7400,opra
2026-09-27,17fa8d81fa32,market,bullish,1,1,365.4400,opra
2026-09-27,0e5405948a79,market,bullish,1,1,16.6200,opra
2026-09-27,7b250ce081b8,market,bullish,1,1,77.2000,opra
2026-09-27,58815564073a,market,bearish,0,,6.1100,opra
2026-09-27,ec7d81f8285f,market,bullish,1,1,50.8100,opra
2026-09-27,b8128ce2960b,market,bullish,1,1,32.7600,opra
2026-09-27,0accd2adbd74,market,bullish,1,1,32.8000,opra
2026-09-27,27a4ee166b1a,market,bullish,1,0,18.9100,opra
2026-09-27,cc9f5aea5e85,market,bullish,1,0,28.8500,opra
2026-09-27,46ee9dec1ac5,market,bullish,0,,8.2500,opra
2026-09-27,af9a7339dde9,market,bullish,1,1,67.4300,opra
2026-09-27,31cd4ceebfa4,market,bearish,1,0,27.1900,opra
2026-09-27,ec5bd6bf6427,market,bearish,1,1,16.4500,opra
2026-09-27,df01064a3787,market,bearish,0,,11.5000,opra
2026-09-27,324de200af4e,market,bearish,1,1,111.8700,opra
2026-09-27,6d76e8425380,market,bearish,1,1,10.1200,opra
2026-09-27,8b3f2eec90d0,market,bullish,0,,133.1200,opra
2026-09-27,8bf0c61321a4,market,bullish,0,,42.1600,opra
2026-09-27,24485cd7c02c,market,bearish,0,,35.7000,opra
2026-09-27,add38031bf73,market,bullish,0,,18.9300,opra
2026-09-27,cd48697eef66,market,bearish,0,,12.3100,opra
2026-09-27,0c03aa478086,market,bullish,1,0,301.5200,opra
2026-09-27,3e3e8aa91adb,market,bullish,0,,107.6600,opra
2026-09-27,700f90cce7c3,market,bullish,1,1,94.0700,opra
2026-09-27,d8b94d12e873,market,bearish,1,1,36.8700,opra
2026-09-27,dfefd87cb7c5,market,bullish,0,,265.0000,opra
2026-09-27,e2cb9283d579,market,bearish,1,1,60.8900,opra
2026-09-27,2dcd17919dff,market,bearish,1,0,293.2000,opra
2026-09-27,ba0ee5164c69,market,bearish,1,1,3.4200,opra
2026-09-27,a7e03226046d,market,bearish,1,0,7.3000,opra
2026-09-27,099a555f120b,market,bullish,0,,22.9200,opra
2026-09-27,8bb72d5e1115,market,bullish,1,1,51.9300,opra
2026-09-27,5dea37a1f59e,market,bearish,0,,12.0400,opra
2026-09-27,5dd3963e89df,market,bearish,1,1,13.3100,opra
2026-09-27,45d21ea593b3,market,bullish,0,,5.0000,opra
2026-09-27,c677893df12d,market,bullish,0,,13.0500,opra
2026-09-27,a3699c914053,market,bearish,1,1,99.5100,opra
2026-09-27,aa3a98cfdc68,market,bearish,0,,9.3800,opra
2026-09-27,8c33ed996ab5,market,bearish,1,0,5.3900,opra
2026-09-27,52c7293f7a14,market,bearish,1,1,52.6100,opra
2026-09-27,5d4696f77fc9,market,bearish,0,,17.1500,opra
2026-09-27,17477681b423,market,bearish,0,,33.7500,opra
2026-09-27,5a93b9d59caf,market,bullish,0,,11.3400,opra
2026-09-27,161789658e6c,market,bullish,1,1,325.6000,opra
2026-09-27,bec34a6b65c2,market,bullish,1,0,61.4500,opra
2026-09-27,f8936f50bcd9,market,bullish,0,,29.7500,opra
2026-09-27,fe5abdcb0a01,market,bearish,0,,71.2300,opra
2026-09-27,8ef7292fc9a9,market,bearish,0,,25.1200,opra
2026-09-27,24b265e17575,market,bullish,1,0,146.7800,opra
2026-09-27,5459ea9a7b3c,market,bullish,0,,9.4300,opra
2026-09-27,2ad39246139f,market,bearish,0,,6.6400,opra
2026-09-27,97b0565d707a,market,bullish,1,1,124.8400,opra
2026-09-27,9ac7c915f635,market,bullish,1,1,88.5500,opra
2026-09-27,de4e1278dfb2,market,bearish,1,1,275.7900,opra
2026-09-27,85d4027cbcf7,market,bearish,1,1,519.2600,opra
2026-09-27,099c2e3bb0d1,market,bullish,0,,16.6000,opra
2026-09-27,cf2b48bd5818,market,bearish,1,1,53.6600,opra
2026-09-27,de8fd1d50135,market,bullish,0,,37.3900,opra
2026-09-27,871d156f0cfd,market,bullish,0,,36.9100,opra
2026-09-27,6d5b5fe46a21,market,bullish,1,0,49.7200,opra
2026-09-27,6dcebeb2b497,market,bullish,1,1,93.3300,opra
2026-09-27,b96ccbf49b40,market,bullish,1,1,56.8600,opra
2026-09-27,cd8b3c98f983,market,bullish,0,,19.7000,opra
2026-09-27,a95d9dfa6eeb,market,bullish,1,0,111.9500,opra
2026-09-27,ef5f8ba4519f,market,bullish,0,,172.7900,opra
2026-09-27,2f7b66a55dd8,market,bearish,0,,4.0000,opra
2026-09-27,dfeab6788461,market,bearish,1,0,9.9600,opra
2026-09-27,480773659529,market,bearish,1,1,59.1700,opra
2026-09-27,078ad66051f8,market,bullish,0,,46.2700,opra
2026-09-27,fd879623173e,market,bearish,1,0,50.0600,opra
2026-09-27,05e4f2553b75,market,bearish,1,1,33.6000,opra
2026-09-27,3c5ac1cc0f37,market,bearish,0,,16.9600,opra
2026-09-27,03fd91536925,market,bullish,1,1,32.6800,opra
2026-09-27,fca7b32ddeb4,market,bullish,1,1,21.6300,opra
2026-09-27,20128737577f,market,bearish,1,0,33.6400,opra
2026-09-27,f52b90df72c0,market,bullish,1,1,34.5000,opra
2026-09-27,887969596de8,market,bearish,0,,19.0400,opra
2026-09-27,388a17bde076,market,bullish,0,,7.2400,opra
2026-09-27,07e4874e6e98,market,bullish,1,1,180.7700,opra
2026-09-27,d9de68e2c056,market,bullish,0,,40.4700,opra
2026-09-27,7a28476cf4ae,market,bullish,0,,28.5000,opra
2026-09-27,4b618db36cf7,market,bullish,0,,24.8100,opra
2026-09-27,d1b8c0c5576b,market,bullish,1,1,17.1600,opra
2026-09-27,7bce2c32c984,market,bearish,1,0,164.1900,opra
2026-09-27,ed7b375555e3,market,bullish,1,1,273.7900,opra
2026-09-27,3a9d96ee83b6,market,bullish,1,1,16.2600,opra
2026-09-27,77cbef00c798,market,bearish,1,1,123.3000,opra
2026-09-27,c1b396c97ad3,market,bearish,0,,9.8700,opra
2026-09-27,31b69cfb5848,market,bullish,0,,7.1000,opra
2026-09-27,715545edd3f9,market,bullish,1,0,37.7400,opra
2026-09-27,ad3c99c162a5,market,bullish,1,1,35.7800,opra
2026-09-27,e9153007c2f5,market,bullish,1,1,9.5100,opra
2026-09-27,8991120b2cd2,market,bearish,1,1,9.5800,opra
2026-09-27,d05585fc34b4,market,bearish,0,,24.6000,opra
2026-09-27,61576c34e94b,market,bearish,1,1,10.8700,opra
2026-09-27,d27e00e3a034,market,bearish,1,1,7.1900,opra
2026-09-27,4004298d4a76,market,bullish,1,0,9.2800,opra
2026-09-27,a6675a8157b6,market,bearish,1,0,8.3900,opra
2026-09-27,21f98ac16212,market,bullish,1,1,233.6600,opra
2026-09-27,136a99dfda81,market,bearish,1,1,4.2600,opra
2026-09-27,21c1f571b4eb,market,bearish,1,1,158.6100,opra
